Stage,Target date,Channel,Target / URL,Post as,Angle to lead with,What this round should teach you,Risk,Status,Posted on,Result,Top objection raised,Change it triggered,Notes
0 — Groundwork,In flight,GitHub README,github.com/fotoflo/plain-dharma,Repo landing page,"Provenance story first, then how to remix the CC0 text",Nothing. This is a gate: HN clicks the repo within minutes and it still opens with create-next-app boilerplate.,Low,In progress,,,,,Running in a separate session as of 08 Sep. Must land before Stage 6.
0 — Groundwork,w/c 08 Sep,Newsletter — friends preview,Personal list via Resend,Email,Ask for an honest read and an Amazon review; no incentives,Whether the text holds up for people who will tell you the truth.,Low,Not started,,,,,"Reviews only come from purchases, so seed before the wider rounds."
0 — Groundwork,w/c 08 Sep,Long-lead press + podcast pitches,"Tricycle, Lion's Roar, Buddhadharma, 10% Happier, Waking Up, Secular Buddhism, Deconstructing Yourself, Guru Viking, Buddhist Geeks",Pitch email,"The project not the person: free CC0 plain-English edition, AI-drafted and argued out by hand","Which outlets bite, and which angle they pick up.",Low,Not started,,,,,"Deliberately decoupled from posting. Lead times run months, so these land around or after Stage 6 as a second wave."
0 — Groundwork,w/c 08 Sep,Buddhistdoor Global,"buddhistdoor.net — 'So You Want to Be a Buddhist Author, Part Five: AI'",Pitch to that series editor,"A reply to their AI installment: the byline Amazon's form cannot hold, and the slop draft published beside the book",Whether Buddhist media treats the honesty as a story or a confession.,Low,Not started,,,,,They already run an AI-and-authorship series. Reference the exact installment.
1 — Warm network,Mon 07 Sep,Facebook,Personal account,Personal post — the 3am story,The 3 a.m. question and what came of it; first print copy photo,Whether the story reads to people who know you.,Low,DONE,07 Sep 2026,"850 views / 367 viewers. 31 reactions (23 like, 6 love, 2 wow). 12 comments. 1 share. 5 link clicks. 0 new follows. 779 of 850 views were existing followers.","None. Twelve comments, all warm. The AI provenance went completely unchallenged.","Treat Stage 1 as an affection test, not a reception test. Do not read it as validation of the framing. Also: put the site link in the post body next time.","Copy saved in docs/launch-copy/facebook-2026-09.md. Two signals worth carrying: one commenter read it as 'I didn't know you are a Buddhist', so the personal frame can eclipse the book; and the Gen-Z question drew zero answers, so it is not the engagement hook you hoped."
1 — Warm network,Thu 10 Sep,LinkedIn,Personal account,Professional post — the method,The raw draft was slop; the value was weeks of line-by-line editing against the Pali,Does honest AI provenance read as credibility or as a red flag to professional contacts? This is the answer that matters for AI training work.,Low,DONE,08 Sep 2026,"PROVISIONAL, still climbing. 47 impressions at 3h, 70 at 4h. 3 reactions, 2 real comments. Engagement rate about 7 percent, which is healthy for LinkedIn. Baseline for this account over the prior 3 weeks: 1,525 / 634 / 330 / 263 / 191 / 140, median around 296. Update once matured at 24-48h.","None. Reception so far is warm, no pushback on the AI provenance.","Earlier read of 'no reach' was premature: the post was just slow to start, and the engagement rate is now good enough to keep distribution expanding. The one durable lesson is not to edit after publishing.","Draft in docs/launch-copy/linkedin-draft.md. Lead with method, not conversion. Link in first comment; LinkedIn throttles body links."
1 — Warm network,Tue 08 Sep,Threads,threads.com/@fotofloster,"8-post chain, personal account","The 3am question, the slop, the months of fixing it, then the links","The only channel so far whose algorithm ignores your follower graph, so this is the first real test of whether the story lands on strangers.",Low,DONE,08 Sep 2026,,,,"Full text in docs/launch-copy/threads-2026-09.md. Permalink threads.com/@fotofloster/post/DdB9q8mEzg3. First attempt published only 3 of 8 posts and was deleted; a page refresh also destroyed a round of edits, so compose outside the app and treat Threads as paste-and-publish."
2 — Practitioners,Wed 16 Sep,Dharma Overground,dharmaoverground.org,Practitioner,A plain rendering for people who actually sit,"Does the text read as useful to serious practitioners, and which sutra do they open first?",Low,Not started,,,,,"Small, high signal, forgiving. The right place to be wrong first."
2 — Practitioners,Thu 17 Sep,r/streamentry,reddit.com/r/streamentry,Practitioner,"Satipatthana, Kalama and the First Talk as practice texts, free",Same question at larger scale. Watch whether AI comes up unprompted. First room that can actually push back.,Low,Not started,,,,,Check whether link posts belong in the weekly thread or standalone.
3 — Expert scrutiny,Tue 22 Sep,SuttaCentral Discourse,discourse.suttacentral.net/t/translating-buddhist-texts-with-ai/33280,"Reply inside the live thread, not a new topic",Every line checked against the SuttaCentral text; one worked Kalama example; the raw draft published as slop beside the finished text,Do the Pali claims survive people who read Pali? What would a translator change? Hardest test in the plan.,Med,Not started,,,,,"Evening in Sydney is morning your time. Thank them, ask for nothing. If the claims survive here they survive anywhere."
4 — Dharma at scale,Tue 29 Sep,r/Buddhism,reddit.com/r/Buddhism,Dharma gift post,"Free forever, CC0, plain English; the Buddha as a teacher to read",Does gift framing survive contact with AI disclosure in a big room?,Med,Not started,,,,,"AI is paragraph two, not the title. Check the self-promotion rule the day before."
4 — Dharma at scale,Thu 01 Oct,r/theravada,reddit.com/r/theravada,Pali Canon reader,Plain rendering with the appendix pointing to Sujato and Bodhi for every passage,Whether the humility framing lands with the most orthodox audience.,Med,Not started,,,,,"A reading edition, not a scholarly translation. Lead with links to the real ones."
4 — Dharma at scale,Fri 02 Oct,r/secularbuddhism,reddit.com/r/secularbuddhism,Reader,No metaphysics required: read it and test it,Whether Kalama is the hook you think it is.,Low,Not started,,,,,
5 — Maker story,Tue 06 Oct,r/ClaudeAI,reddit.com/r/ClaudeAI,Maker post,"What it took to make the first draft good, with the Gen-Z slop page as the exhibit",Does the honesty framing land with people who know exactly what raw AI output looks like? Dress rehearsal for HN.,Low,Not started,,,,,Not a booster post. The slop admission is the hook.
5 — Maker story,Wed 07 Oct,Bluesky + X,Personal accounts,Thread,One teaching per post with the illustrations; last post links the provenance page,Whether the illustrations carry it visually.,Low,Not started,,,,,Tag Tricycle and Lion's Roar on the final post.
5 — Maker story,Thu 08 Oct,Substack peers + newsletters,"DharmaStack, Dharma Pearls, Thus Have I Heard, Secular Buddhist Network",Peer note / submission,CC0 means you can reprint whole teachings with zero permission friction,Whether dharma writers will actually excerpt it. Each yes is a distribution channel you do not maintain.,Low,Not started,,,,,"Dharma Pearls is a fellow translation project. Translator to translator, ask for nothing."
6 — The one shot,"Tue 13 Oct, 06:30 PT",Newsletter — launch announce,Home-page list,Email,"It's live, it's free, here's the story",Nothing new. Timing move so readers arrive as readers.,Low,Not started,,,,,Send before the HN post. Never ask anyone to upvote; HN detects vote rings.
6 — The one shot,"Tue 13 Oct, 07:00 PT",Hacker News,news.ycombinator.com/submit,Show HN,"Six Buddhist sutras, AI-drafted, argued line by line against the Pali, released CC0","The finale, not an experiment. By now the top three objections should already be answered on the provenance page.",Med,Not started,,,,,The only one-shot in the plan. Sit in the comments for four hours. Have the Amazon byline answer rehearsed.
7 — Long tail,w/c 20 Oct,r/Meditation,reddit.com/r/Meditation,Reader,The free plain-English source texts behind the practice,Spillover reach.,Low,Not started,,,,,Bigger but shallower than r/streamentry.
7 — Long tail,w/c 20 Oct,Distribution,"Internet Archive, Project Gutenberg, Standard Ebooks, Wikisource, Open Library, Insight Timer",Submission,CC0 public-domain edition,Nothing about reception. Permanent evergreen reach.,Low,Not started,,,,,Insight Timer wants the narrated audio. Disclose AI narration everywhere.
7 — Long tail,After App Store approval,Mobile app cross-promo,iOS / Android,Announcement,Read and listen offline,Whether the app converts readers.,Low,In review,,,,,Second wave. Do not sync it with anything above.
7 — Long tail,Only if Stage 6 went well,r/selfpublish + r/writing,reddit.com/r/selfpublish,Cautionary maker post,KDP's Author field cannot say who wrote it,Whether the honesty framing survives the most AI-hostile room on the list.,High,Not started,,,,,"Highest risk, lowest reward. Skip if the HN thread went badly. Nothing depends on it."
Never,—,Futurism.com,futurism.com,DO NOT PITCH,n/a,"Already answered. Their AI-book beat is uniformly adversarial: Amazon slop knockoffs, a 45-minute AI 'novelist', AI Jesus apps, 'AI-generated stuff has almost zero value'.",Highest,Do not pitch,,,,,"The frame every other pitch must pre-empt: lead with the slop admission so the joke is yours, not theirs."
